{"cameraMode":{"drawMode":0,"name":"Shaded","section":"Shading Mode"},"sceneLighting":true,"audioPlay":false,"sceneViewState":{"showFog":true,"showMaterialUpdate":false,"showSkybox":true,"showFlares":true,"showImageEffects":true,"showParticleSystems":true},"in2DMode":false,"pivot":{"x":0.43905383348464968,"y":1.9047342538833619,"z":5.124375820159912},"rotation":{"x":-0.13755875825881959,"y":-0.014244928024709225,"z":0.0019013979472219945,"w":-0.9904506206512451},"size":10.221023559570313,"orthographic":false}